"ncid","race_code","ethnic_code","party_cd","gender_code","birth_age","drivers_lic","register_dt","2008 GENERAL","2010 GENERAL","2012 GENERAL","2014 GENERAL","2016 GENERAL"
"DH55450","W","UN","REP","F",64,"Y",2012,0,0,1,0,1
"DX51239","W","NL","REP","F",26,"Y",2008,1,1,1,1,1
"CW959410","W","NL","UNA","M",28,"Y",2012,0,0,0,1,1
"DW38166","W","NL","UNA","F",65,"Y",1999,0,0,0,0,1
"BR97237","W","NL","REP","M",47,"Y",1998,1,0,1,0,1
"CC135120","W","NL","DEM","M",59,"Y",2014,0,0,0,1,1
"CW888472","W","NL","REP","M",36,"Y",2010,0,0,0,0,0
"BR159981","U","UN","UNA","U",35,"Y",2008,0,0,1,0,0
"CJ170072","B","NL","UNA","M",18,"Y",2016,0,0,0,0,0
"AA65621","W","NL","DEM","F",61,"Y",1988,1,1,1,1,1
"CG86901","W","NL","DEM","F",31,"Y",2015,0,0,0,0,0
"EH252507","W","NL","DEM","M",58,"Y",1994,1,1,1,1,1
"AK55874","W","NL","REP","M",48,"Y",1999,1,1,1,1,1
"CJ51883","W","NL","REP","F",41,"Y",1998,1,1,1,1,1
"CJ135661","W","NL","UNA","F",58,"Y",2008,0,0,1,0,0
"EH163766","I","NL","REP","M",50,"Y",1992,1,1,1,0,1
"DZ36788","W","NL","REP","M",65,"Y",1972,1,1,1,0,1
"CW756691","W","NL","DEM","F",44,"Y",2013,1,0,1,0,0
"BN260791","W","NL","REP","F",65,"Y",2007,1,0,1,1,1
"DE157287","W","NL","DEM","M",52,"Y",2012,0,0,1,0,0
"DC21296","B","NL","DEM","M",43,"Y",2008,1,1,1,1,1
"AN193301","W","NL","REP","M",41,"Y",2016,0,0,0,0,0
"BN132661","W","NL","UNA","M",55,"Y",1988,1,0,1,0,1
"BE322444","B","UN","UNA","M",53,"Y",2010,0,0,0,0,0
"BE320801","U","HL","DEM","F",42,"Y",2010,0,0,0,0,1
"CW852988","U","UN","DEM","M",35,"Y",2008,1,0,1,1,1
"CY32387","W","NL","UNA","F",27,"Y",2016,0,0,0,0,1
"DR50056","W","NL","DEM","F",42,"Y",1994,0,0,0,0,1
"BE37123","W","NL","DEM","M",73,"Y",2004,1,1,1,1,1
"BJ19404","W","NL","REP","M",57,"Y",1998,1,1,1,1,0
"AB30704","W","NL","UNA","M",41,"Y",2002,0,0,1,1,1
"BK22692","B","NL","DEM","F",87,"N",1996,1,1,1,1,1
"BL415656","B","UN","UNA","M",54,"Y",2008,1,0,0,0,0
"BR76203","W","NL","DEM","M",42,"N",1995,0,0,0,0,0
"DL76815","W","NL","REP","F",48,"N",1988,0,0,0,0,0
"EF28570","W","NL","UNA","M",58,"Y",1988,1,1,1,0,1
"EF164553","W","NL","REP","F",24,"Y",2011,0,0,0,0,1
"CJ135134","U","UN","REP","F",37,"Y",2008,1,0,0,0,0
"CW518711","W","NL","UNA","M",64,"Y",2000,0,0,1,1,1
"DX23156","W","NL","REP","F",73,"Y",1980,1,1,1,1,1
"BR92182","W","NL","DEM","M",40,"N",1997,0,0,0,0,0
"BT10409","W","NL","REP","M",66,"Y",2004,1,1,1,1,1
"DE247061","U","HL","UNA","M",38,"N",2008,1,0,1,0,0
"DB251309","W","NL","UNA","F",34,"Y",2012,0,0,0,0,0
"AK96067","W","UN","UNA","F",45,"Y",2007,1,1,1,1,1
"AX42209","W","UN","DEM","F",58,"Y",2004,1,1,1,1,1
"BC52172","W","UN","DEM","F",50,"Y",2006,1,0,1,1,1
"DK22402","W","NL","DEM","M",81,"Y",1997,1,1,1,1,1
"CE51694","W","NL","REP","F",34,"N",2016,0,0,0,0,1
"EH1082771","A","NL","DEM","F",18,"Y",2016,0,0,0,0,1
"BY606620","U","UN","UNA","U",23,"N",2012,0,0,0,0,0
"CF2502","W","NL","DEM","M",54,"Y",1984,1,0,1,1,1
"CW232466","B","NL","DEM","F",76,"Y",1990,1,0,1,0,1
"BE310689","W","UN","REP","F",44,"Y",2008,0,0,0,0,0
"CW1095078","W","NL","UNA","F",67,"Y",2015,0,0,0,0,1
"DC10467","B","NL","DEM","M",70,"N",1998,1,1,1,1,1
"AA133050","O","NL","UNA","M",43,"Y",2004,0,0,0,0,0
"EH405106","W","NL","REP","F",61,"Y",1998,0,0,1,0,1
"DA102846","B","NL","DEM","F",55,"Y",2011,0,0,0,0,0
"EH762191","W","UN","REP","F",27,"Y",2008,1,0,1,0,1
"BB92345","W","NL","REP","F",27,"Y",2011,0,0,1,0,1
"DB88697","W","NL","DEM","F",39,"Y",1995,1,0,1,0,0
"DR37506","B","NL","DEM","M",64,"N",1972,1,1,1,0,1
"AN25674","W","NL","REP","F",51,"N",1984,1,1,1,1,1
"CZ64422","B","NL","DEM","M",47,"N",2004,1,1,1,1,1
"BY255440","B","NL","DEM","M",67,"Y",1994,0,0,1,0,0
"EG53717","B","UN","DEM","F",61,"N",2012,0,0,1,0,1
"DE130355","A","NL","UNA","M",40,"Y",2010,0,0,1,1,1
"AE23954","W","NL","UNA","F",44,"Y",2012,1,0,0,0,0
"EH981631","W","NL","UNA","M",22,"Y",2015,0,0,0,0,0
"DD155346","W","NL","UNA","F",26,"Y",2012,0,0,0,0,0
"CW1110625","W","NL","UNA","F",18,"Y",2016,0,0,0,0,1
"DE249994","W","HL","REP","F",26,"Y",2008,1,0,0,0,0
"CW1071407","O","NL","UNA","M",20,"Y",2014,0,0,0,0,0
"BH101700","W","NL","UNA","M",77,"Y",2000,1,1,1,1,1
"EL92955","W","UN","REP","F",19,"Y",2016,0,0,0,0,1
"AK107063","W","NL","DEM","M",26,"Y",2009,0,0,0,0,0
"BN342272","W","NL","REP","F",58,"Y",2004,1,0,1,0,1
"BJ33239","W","NL","REP","M",54,"Y",2008,1,1,1,1,1
"EB26063","W","NL","UNA","M",45,"Y",2011,0,0,0,0,0
"AL243334","W","UN","UNA","F",48,"Y",2009,0,0,0,0,0
"DT146852","W","HL","DEM","M",25,"Y",2012,0,0,1,0,0
"BY379775","B","NL","DEM","F",33,"N",2003,0,0,0,0,0
"AN192055","W","NL","UNA","F",19,"Y",2015,0,0,0,0,0
"AY12194","W","UN","UNA","F",63,"Y",2006,1,1,1,1,1
"DB135077","W","NL","UNA","F",34,"Y",2000,1,1,1,1,1
"CT25916","W","NL","REP","F",39,"Y",1995,1,0,1,0,1
"DH62782","W","UN","REP","M",47,"Y",2016,0,0,0,0,1
"CW896612","B","UN","DEM","F",38,"N",2010,0,0,0,0,0
"BC37450","B","NL","DEM","F",86,"Y",1997,1,0,1,1,1
"EH488386","W","NL","UNA","M",68,"Y",2007,1,1,1,1,1
"CN52638","W","NL","REP","M",70,"Y",2006,0,0,0,0,0
"CG168139","U","HL","DEM","M",42,"Y",2016,0,0,0,0,1
"AK124295","W","NL","DEM","F",66,"Y",2013,0,0,0,0,1
"EH831557","B","UN","DEM","F",58,"Y",2008,1,0,1,1,1
"CW1089687","W","NL","DEM","M",37,"Y",2015,0,0,0,0,0
"EC7429","W","NL","REP","M",58,"N",1990,0,1,0,1,0
"DS103626","W","NL","UNA","M",25,"Y",2011,0,0,0,0,0
"BE347389","W","NL","REP","M",23,"N",2012,0,0,0,0,0
"EB49936","W","NL","REP","F",33,"Y",2002,1,0,1,1,1
"CW906171","B","NL","REP","F",61,"Y",2011,0,0,0,0,0
"EG16438","W","NL","DEM","M",55,"N",1980,1,0,1,0,1
"BE244383","B","NL","UNA","M",38,"Y",2006,1,0,1,0,0
"AL273647","W","UN","UNA","F",24,"N",2012,0,0,1,1,0
"DD160057","U","UN","REP","F",34,"N",2012,0,0,0,0,0
"EG38110","B","NL","DEM","F",39,"Y",2014,0,0,0,1,1
"BY495680","W","NL","REP","M",28,"Y",2013,1,0,0,0,1
"CW316415","W","NL","REP","F",64,"Y",1995,1,0,0,0,0
"DT118154","W","NL","REP","F",64,"Y",2006,1,1,1,1,1
"DD157639","O","HL","UNA","F",47,"Y",2012,0,0,0,0,0
"AK40582","B","NL","DEM","F",73,"Y",1996,1,1,1,1,1
"CY21063","W","NL","REP","F",48,"Y",1999,1,1,1,1,1
"DL256452","B","UN","DEM","M",26,"N",2016,0,0,0,0,1
"DA88849","W","NL","REP","M",60,"Y",2014,1,1,1,1,1
"DT136995","B","NL","DEM","F",51,"Y",2010,0,0,1,0,0
"AW49501","W","NL","REP","F",62,"N",1984,1,0,1,1,1
"EH1133308","U","UN","DEM","U",22,"Y",2016,0,0,0,0,0
"EN61162","W","NL","DEM","M",59,"Y",2016,1,0,1,1,1
"EH451570","W","UN","REP","M",46,"Y",2008,1,1,1,1,1
"CZ74487","W","NL","UNA","M",75,"Y",2007,1,1,1,1,1
"DE280934","B","NL","DEM","F",25,"Y",2016,0,0,1,0,1
"AW80098","W","NL","REP","M",42,"Y",1992,1,1,1,0,1
"BE336459","B","NL","DEM","F",25,"Y",2011,0,0,0,0,0
"EF189081","B","NL","DEM","F",30,"Y",2014,0,0,0,0,1
"DB170492","W","UN","REP","M",58,"Y",2004,1,1,1,1,1
"BY653822","B","NL","UNA","M",64,"Y",2016,0,0,0,0,1
"AG38482","W","UN","UNA","M",36,"Y",2016,0,0,0,0,1
"BC40298","W","NL","UNA","M",39,"Y",1999,1,1,1,0,0
"BE336764","B","NL","DEM","F",28,"Y",2012,0,0,0,0,0
"EH985421","W","UN","DEM","F",48,"Y",2013,0,0,0,0,0
"DT154997","W","NL","UNA","F",21,"Y",2015,0,0,0,0,1
"EH1056775","W","NL","UNA","F",33,"N",2015,0,0,0,0,0
"BY380246","W","UN","UNA","F",31,"Y",2003,1,1,1,1,1
"CH7395","W","NL","UNA","F",70,"N",1980,1,1,1,1,1
"AT23712","B","NL","DEM","M",56,"Y",2008,1,1,1,1,0
"CW919168","A","NL","DEM","M",45,"Y",2011,0,0,1,1,1
"CW388530","W","NL","REP","F",54,"Y",1997,1,1,1,1,1
"DZ17164","W","NL","DEM","M",67,"Y",2014,0,0,0,1,1
"DL169937","B","UN","DEM","M",75,"Y",2004,1,1,1,1,0
"CC144095","W","NL","REP","M",21,"Y",2016,0,0,0,0,1
"EH767084","W","NL","REP","M",50,"Y",2008,1,1,1,1,1
"BL239450","W","NL","UNA","F",45,"Y",2006,1,0,1,0,1
"BC56781","W","UN","UNA","F",51,"Y",2014,1,1,1,1,1
"BB43135","W","NL","UNA","F",57,"Y",1996,1,1,1,1,1
"BB100133","W","NL","DEM","F",78,"Y",2016,0,0,0,0,1
"CG39593","W","NL","REP","M",52,"Y",1982,1,1,1,1,1
"BN148208","W","NL","UNA","F",60,"Y",1989,1,0,1,1,1
"DD62284","W","NL","UNA","F",57,"Y",1998,1,0,1,0,1
"CY31840","W","NL","UNA","F",29,"Y",2013,0,0,0,0,0
"BT7417","W","NL","DEM","F",42,"Y",1994,1,1,1,0,1
"AW104668","W","NL","UNA","M",50,"Y",1996,1,1,1,1,1
"AP68342","W","UN","REP","M",62,"Y",2004,1,1,1,1,1
"DN133362","W","NL","REP","F",23,"Y",2012,0,0,1,0,1
"BF5034","W","NL","DEM","M",62,"N",1980,1,1,1,1,1
"AP69519","W","NL","DEM","F",34,"Y",2008,1,1,1,1,1
"CL44708","W","NL","UNA","F",31,"Y",2007,0,0,0,0,0
"BR11465","W","NL","UNA","M",61,"Y",2016,1,0,1,0,1
"BE229937","W","HL","REP","F",40,"Y",2016,1,0,1,1,1
"CW200998","W","NL","REP","F",69,"Y",1990,1,1,1,1,1
"BC19711","W","NL","DEM","F",57,"Y",1978,1,1,1,1,1
"EG48804","B","NL","DEM","M",55,"Y",2008,1,1,1,1,1
"BN490444","B","UN","UNA","U",20,"N",2016,0,0,0,0,1
"EH736137","W","NL","REP","F",81,"Y",2007,1,1,1,1,1
"DT149031","W","NL","REP","M",23,"Y",2013,0,0,0,0,0
"EF86402","W","NL","UNA","M",41,"Y",2000,1,0,1,1,1
"BL420799","B","UN","DEM","M",26,"Y",2010,0,0,1,0,0
"EH839861","W","NL","REP","F",26,"Y",2016,0,0,1,0,1
"BH120600","W","UN","REP","M",44,"Y",2004,1,1,1,1,1
"BG49321","W","NL","UNA","F",26,"Y",2014,0,0,0,0,1
"BY481402","W","NL","UNA","F",91,"Y",2006,1,0,0,0,1
"CW871299","B","NL","DEM","F",25,"Y",2009,0,0,0,0,1
"EH474707","W","NL","REP","M",68,"Y",2000,1,1,1,1,1
"EH1029161","W","NL","REP","F",92,"N",2014,0,0,0,0,1
"CW785875","O","HL","DEM","F",38,"Y",2008,0,0,1,0,1
"AL262131","O","NL","UNA","M",53,"Y",2012,0,0,0,0,0
"DL142006","W","NL","UNA","M",42,"Y",2014,0,0,0,0,1
"EH352706","B","NL","REP","F",46,"Y",1996,1,1,1,1,1
"BE387830","W","UN","DEM","M",38,"Y",2016,0,0,0,0,0
"EH34592","W","NL","DEM","F",85,"Y",1968,1,1,1,1,1
"EF197948","W","UN","DEM","F",47,"Y",2016,0,0,0,0,1
"BB100912","W","UN","UNA","M",25,"Y",2015,0,0,0,0,0
"EB26707","W","NL","DEM","F",44,"Y",1992,1,1,0,1,0
"AG14211","W","NL","REP","M",54,"Y",1980,1,1,1,1,1
"EH530855","B","NL","DEM","F",55,"Y",2002,1,0,1,1,1
"BY84576","W","NL","DEM","M",74,"Y",1976,1,1,1,1,1
"EP8900","W","NL","DEM","M",73,"Y",1968,1,1,1,1,1
"CP21252","W","NL","REP","M",60,"Y",1998,1,1,1,0,1
"AE14848","W","NL","UNA","M",53,"Y",1990,1,0,0,0,0
"CX10021","W","NL","REP","F",49,"N",1990,1,0,1,1,1
"BB12243","W","NL","UNA","F",77,"Y",1972,1,1,1,1,1
"DJ3771","B","NL","DEM","F",61,"Y",1988,1,1,1,1,1
"BL412835","B","NL","UNA","F",27,"Y",2012,0,0,0,0,0
"BY104159","B","NL","DEM","M",117,"N",1963,1,1,1,0,1
"EH1115731","W","NL","UNA","M",46,"Y",2016,0,0,0,0,1
"EB67575","W","NL","UNA","M",29,"Y",2012,0,0,1,0,0
"BL440728","B","UN","UNA","M",40,"Y",2014,0,0,0,0,1
"EM62149","W","NL","REP","M",38,"Y",2000,1,1,1,1,1
"BB23494","B","NL","DEM","M",71,"N",1984,1,1,1,1,1
"DT112163","W","NL","DEM","F",57,"Y",2004,1,0,1,1,1
"BY354815","W","NL","DEM","M",33,"Y",2001,1,1,1,1,1
"AW41048","W","NL","REP","M",70,"Y",1980,1,1,1,1,1
"BE313189","B","UN","DEM","F",43,"Y",2009,0,0,1,0,1
"EH80859","W","NL","DEM","M",51,"Y",1983,1,1,1,1,1
"EA9075","W","NL","DEM","M",58,"Y",1982,1,1,1,1,1
"EL23495","W","NL","UNA","F",67,"N",1993,1,1,1,0,1
"BY450438","B","NL","UNA","M",51,"Y",1998,1,1,1,1,1
"BS14298","B","UN","UNA","M",21,"N",2014,0,0,0,0,0
"CW819343","U","HL","DEM","M",44,"Y",2008,1,0,0,0,1
"BY8043","W","NL","REP","F",51,"Y",1987,1,1,1,1,1
"CS18920","B","NL","DEM","M",57,"N",1997,1,1,1,1,1
"BY396522","W","NL","REP","F",33,"Y",2004,1,1,1,1,1
"BR132467","W","NL","REP","M",47,"Y",2004,1,0,1,0,1
"BY85453","B","NL","DEM","M",74,"Y",1972,1,1,1,1,1
"CW377429","W","NL","UNA","M",67,"Y",1996,1,1,1,1,1
"EL64419","W","NL","UNA","F",30,"Y",2007,0,0,0,0,0
"BB82708","W","NL","UNA","M",64,"Y",2008,1,1,1,0,1
"BE306872","W","NL","REP","M",31,"Y",2008,1,1,1,1,1
"BC14323","W","NL","DEM","F",55,"Y",1988,0,0,0,0,0
"EH467450","W","NL","UNA","M",34,"Y",2000,1,1,1,1,1
"CP35863","W","UN","DEM","M",28,"Y",2016,1,1,1,0,1
"BM44609","B","NL","DEM","M",35,"Y",2012,0,0,1,0,1
"CZ104923","W","NL","UNA","M",31,"Y",2016,0,0,0,0,1
"DA14140","W","NL","REP","F",46,"N",1998,1,0,0,0,1
"CW686419","A","NL","DEM","M",29,"Y",2005,0,0,0,0,0
"EH698157","W","NL","DEM","F",55,"Y",2006,1,0,1,0,1
"CH33050","W","NL","REP","F",44,"N",2000,1,1,1,1,1
"BL77053","B","NL","DEM","F",54,"Y",1983,1,1,1,1,1
"AK72920","W","NL","UNA","M",37,"Y",2015,1,0,1,0,0
"BE189152","W","NL","UNA","M",55,"Y",2001,0,0,0,0,1
"AL302055","B","NL","DEM","F",22,"Y",2016,0,0,0,0,1
"AA8396","W","NL","REP","F",66,"Y",1980,1,1,1,1,1
"EH789816","U","UN","UNA","U",44,"Y",2010,1,0,1,1,1
"DD77882","B","UN","DEM","M",93,"Y",2012,1,0,0,0,0
"CZ56706","W","NL","UNA","F",39,"Y",2002,0,1,1,0,1
"DN104300","W","NL","REP","M",31,"Y",2004,1,0,1,0,1
"BE139154","B","NL","DEM","F",44,"Y",1997,1,0,1,0,1
"EH24401","W","NL","REP","M",86,"N",1956,1,1,1,1,1
"CW651366","W","NL","REP","F",45,"N",2004,0,0,0,0,0
"EP77510","B","UN","DEM","F",28,"Y",2008,1,1,1,0,1
"BJ24224","W","UN","UNA","M",50,"Y",2002,1,0,1,0,1
"AG59349","B","UN","DEM","M",42,"Y",2016,0,0,0,0,1
"AL317737","W","UN","DEM","F",42,"Y",2016,0,0,0,0,0
"EA2591","W","NL","REP","F",74,"N",1969,1,0,1,1,1
"CW40217","W","NL","REP","M",76,"N",1970,1,1,1,1,1
"CA120967","W","NL","UNA","F",20,"Y",2016,0,0,0,0,1
"CN13810","B","NL","DEM","F",64,"Y",1981,1,1,1,0,1
"BJ29409","W","NL","UNA","M",45,"Y",2005,1,1,1,1,1
"DP32233","W","NL","REP","F",40,"N",2000,1,1,1,1,1
"EM102607","W","NL","UNA","F",25,"Y",2010,0,0,0,0,0
"EH693112","U","UN","DEM","U",42,"Y",2016,1,1,1,0,0
"EH753070","W","UN","DEM","M",27,"Y",2008,1,1,1,0,0
"CG76280","W","NL","UNA","M",53,"Y",2001,0,0,0,0,0
"EL65384","W","NL","REP","F",28,"Y",2011,1,0,1,1,1
"CW634699","B","UN","DEM","F",35,"Y",2004,1,1,1,0,0
"DX25961","W","NL","REP","M",54,"N",1980,1,1,1,1,1
"EB53870","W","NL","REP","F",85,"Y",2004,1,1,1,1,1
"CJ89395","W","UN","REP","M",60,"Y",2002,1,0,1,0,1
"CW339440","B","NL","DEM","M",42,"Y",1996,1,0,1,1,1
"EH925178","W","NL","UNA","F",49,"Y",2012,0,0,1,1,1
"CW676228","B","NL","DEM","M",34,"Y",2004,1,0,1,1,1
"EH1020109","U","UN","UNA","U",21,"Y",2014,0,0,0,1,1
"EF69138","W","NL","REP","M",38,"Y",1998,0,0,0,0,0
"EH545074","W","NL","UNA","F",51,"Y",2002,0,0,1,1,1
"EH318810","B","NL","DEM","M",43,"N",1996,1,1,1,1,1
"DW5699","W","NL","REP","F",70,"Y",1976,1,1,1,1,1
"EH300629","W","NL","UNA","M",65,"Y",1996,1,1,1,1,1
"DB48352","W","NL","REP","M",63,"N",1990,1,1,1,1,1
"EL93006","W","UN","UNA","F",19,"N",2016,0,0,0,0,1
"DZ63803","W","NL","REP","F",23,"Y",2012,0,0,0,0,0
"DW58021","W","HL","REP","M",54,"Y",2012,1,0,1,0,0
"CG134728","W","NL","UNA","M",55,"Y",2010,0,1,1,1,1
"BY123328","B","NL","DEM","F",71,"Y",1979,1,1,1,0,1
"EA6931","W","NL","DEM","F",82,"N",1969,1,1,1,1,1
"CW678904","B","NL","DEM","M",59,"Y",2004,1,0,1,0,1
"BN393552","B","UN","UNA","F",69,"Y",2008,1,0,1,0,1
"BJ29761","W","NL","UNA","F",50,"Y",2006,1,1,1,0,1
"AG3653","W","NL","DEM","F",55,"N",1984,0,0,0,0,0
"BR211769","W","NL","REP","F",32,"Y",2016,0,0,0,0,1
"DR134412","W","NL","DEM","M",62,"Y",2016,0,0,0,0,0
"EL52704","W","NL","UNA","F",33,"Y",2008,1,0,1,1,1
"ER11225","W","NL","UNA","M",45,"N",1990,1,0,1,1,1
"DW55304","W","NL","UNA","F",59,"Y",2007,0,1,0,0,1
"DB232239","W","NL","REP","M",58,"N",2010,0,0,0,0,0
"CB55644","W","NL","REP","F",72,"Y",2007,1,1,0,0,0
"AA183359","U","UN","UNA","U",22,"N",2014,0,0,0,0,0
"AA66916","W","UN","DEM","F",91,"Y",2007,1,0,1,1,1
"BY256956","W","NL","DEM","M",73,"Y",1994,1,1,1,1,1
"DH46007","B","NL","DEM","F",28,"Y",2007,0,0,1,1,1
"BE198245","W","NL","REP","F",69,"Y",2002,1,1,1,1,1
"CW627153","W","NL","UNA","M",54,"Y",2016,0,0,0,0,0
"CW930988","B","UN","DEM","F",36,"Y",2011,1,0,1,1,0
"BZ49827","W","UN","DEM","M",30,"N",2008,0,0,0,0,0
"BJ22073","W","NL","REP","F",35,"Y",2016,1,0,1,0,1
"BE286229","U","UN","DEM","F",28,"Y",2008,1,1,1,1,0
"CW851478","B","UN","UNA","M",28,"N",2008,1,0,1,0,0
"CJ76452","W","NL","DEM","F",58,"N",2000,1,1,1,1,1
"EH887394","B","HL","DEM","F",23,"Y",2011,0,0,1,0,1
"CA64169","W","NL","UNA","F",31,"N",2003,0,0,1,0,1
"DZ15220","W","NL","UNA","F",67,"Y",1970,1,1,1,1,1
"AA126661","W","NL","DEM","F",58,"Y",2015,1,0,0,0,0
"CA30336","B","UN","DEM","F",48,"Y",1994,0,0,0,0,1
"BY386853","W","NL","REP","M",50,"Y",2004,1,1,1,0,0
"EH1029921","W","HL","DEM","F",49,"Y",2014,0,0,0,0,1
"CZ85679","W","NL","UNA","M",62,"Y",2010,0,1,1,1,1
"CW565668","W","NL","REP","F",40,"Y",2002,1,0,1,1,1
"BY324454","W","NL","DEM","F",58,"Y",2000,1,1,1,1,1
"AL83831","W","NL","UNA","F",46,"Y",1993,1,0,0,0,1
"CT38517","W","NL","REP","M",51,"N",2004,1,1,1,1,1
"BW51565","W","NL","REP","F",67,"Y",2009,0,0,0,0,0
"AL78366","W","NL","DEM","M",52,"Y",1992,1,0,1,1,1
"DY36327","B","NL","DEM","F",49,"Y",2010,0,1,0,0,1
"EN4625","W","NL","UNA","F",69,"N",1980,1,0,1,0,1
"EH1028245","A","UN","DEM","F",21,"Y",2014,0,0,0,1,1
"CW1130336","B","NL","UNA","M",18,"Y",2016,0,0,0,0,1
"EM75714","B","UN","DEM","F",32,"Y",2004,0,0,0,0,0
"DD169471","W","NL","REP","M",38,"Y",2015,0,0,0,0,0
"CW113453","W","NL","UNA","F",53,"Y",1982,1,1,1,1,1
"CZ76353","W","NL","UNA","M",26,"Y",2008,1,0,0,1,1
"BR165514","B","UN","DEM","M",58,"Y",2008,1,1,1,1,1
"AN117412","W","UN","REP","F",49,"Y",2016,1,0,1,0,0
"AL183609","W","NL","DEM","M",41,"Y",2004,1,0,1,1,1
"BL344186","W","NL","REP","F",34,"Y",2011,1,0,1,1,1
"AB32291","W","NL","UNA","M",31,"Y",2012,1,1,0,1,1
"DZ68119","W","UN","DEM","M",20,"Y",2014,0,0,0,1,0
"BN326734","B","NL","DEM","F",30,"Y",2010,1,0,1,1,1
"BR122275","W","NL","REP","F",43,"Y",2011,1,1,1,0,1
"AW196335","W","UN","REP","M",22,"N",2013,0,0,0,0,0
"CW832872","U","UN","DEM","F",37,"Y",2008,1,1,1,0,1
"DL170358","W","NL","UNA","F",32,"Y",2013,1,0,1,0,1
"EH1065197","W","NL","UNA","F",25,"Y",2016,0,0,0,0,1
"AK105456","W","NL","DEM","F",68,"Y",2009,0,1,1,1,1
"EH263947","W","NL","REP","F",60,"N",1995,0,0,0,0,0
"DL182535","O","HL","UNA","M",34,"Y",2006,0,0,0,0,0
"BR98807","W","NL","REP","F",38,"Y",1998,0,0,0,0,0
"DY31440","W","NL","REP","M",29,"Y",2006,1,0,1,0,1
"CA105993","B","UN","DEM","F",44,"Y",2012,0,0,1,1,1
"EH841083","W","NL","REP","F",32,"Y",2009,0,0,1,0,0
"CW507792","W","NL","DEM","M",34,"Y",2000,1,0,1,1,1
"BM37459","B","UN","DEM","F",40,"Y",2016,1,1,1,1,1
"BY591162","W","UN","REP","M",25,"Y",2012,0,0,1,0,0
"CC99387","W","UN","UNA","M",71,"Y",2004,1,0,1,1,1
"DL249142","W","NL","UNA","M",37,"Y",2016,0,0,0,0,1
"EH31247","W","NL","REP","M",80,"Y",1960,1,1,1,1,1
"AA176879","W","UN","REP","F",26,"Y",2012,0,0,0,0,1
"EH458733","W","NL","UNA","F",51,"N",2000,1,0,1,1,1
"EH112495","W","NL","UNA","F",65,"Y",2016,1,1,1,0,1
"CA7255","W","NL","DEM","F",80,"Y",1966,1,1,1,1,1
"DB179591","W","NL","DEM","F",30,"Y",2015,0,0,0,0,0
"BN431075","B","NL","DEM","F",49,"Y",2012,0,0,1,1,1
"DW50305","W","NL","REP","F",49,"Y",2004,1,1,1,1,1
"BE28280","B","NL","DEM","M",43,"N",1993,1,1,0,0,0
"BC59943","W","NL","UNA","M",38,"Y",2012,0,0,1,0,1
"BE261807","W","NL","REP","F",30,"Y",2012,1,0,1,1,0
"DH21792","W","NL","REP","M",48,"Y",2008,1,1,1,1,1
"BN369204","W","NL","UNA","F",29,"Y",2007,1,0,0,0,0
"AW159928","W","NL","REP","F",53,"Y",2005,1,0,1,1,1
"BC51484","B","UN","DEM","F",33,"Y",2016,1,0,1,0,1
"AS2114","W","NL","DEM","F",68,"N",1969,1,1,1,1,1
"BY505753","W","NL","DEM","F",27,"Y",2008,1,0,1,1,1
"BL42227","W","NL","DEM","F",63,"Y",1972,1,1,1,1,1
"AN89112","W","NL","REP","M",38,"Y",1999,1,1,1,0,1
"CJ123383","W","NL","REP","F",35,"Y",2007,0,0,0,0,0
"DB133692","W","NL","UNA","F",42,"Y",1992,1,0,1,0,1
"EH1095307","W","NL","UNA","M",25,"Y",2016,0,0,0,0,1
"AE29817","W","NL","DEM","F",63,"N",2011,0,0,1,1,1
"CA77459","B","NL","DEM","F",39,"Y",2012,1,0,1,0,1
"AL19607","W","NL","UNA","F",67,"Y",1971,1,1,1,0,1
"EF65489","W","NL","REP","M",45,"Y",2007,0,0,0,0,0
"DL37662","W","NL","UNA","M",68,"Y",1974,1,1,1,1,1
"CM55629","B","UN","DEM","F",40,"Y",2016,1,1,1,0,1
"DE237594","W","NL","UNA","M",27,"Y",2007,0,0,0,0,0
"EM33286","W","NL","REP","F",49,"Y",1996,1,0,1,1,1
"EH53018","W","NL","DEM","M",84,"Y",1976,1,1,1,1,1
"AT20899","B","UN","DEM","F",30,"Y",2016,1,1,1,1,1
"DL237077","B","NL","DEM","M",68,"Y",2013,0,0,0,0,0
"AJ24643","W","NL","REP","F",50,"Y",1999,1,1,1,1,1
"BY471300","B","UN","DEM","M",51,"Y",2005,1,0,1,0,1
"BN347930","B","NL","DEM","F",30,"Y",2005,1,0,1,0,1
"DS13780","W","NL","UNA","M",58,"Y",1984,1,1,1,1,1
"BD106609","W","NL","REP","F",69,"Y",2007,1,1,0,0,1
"CW112804","W","NL","UNA","M",55,"Y",1984,1,0,1,0,1
"BZ37929","B","NL","DEM","F",33,"Y",2002,1,1,1,0,1
"BE179924","B","NL","DEM","M",59,"Y",2008,1,1,1,1,0
"DX63981","U","UN","UNA","F",29,"N",2016,0,0,0,0,0
"DB272360","B","UN","UNA","M",21,"N",2014,0,0,0,0,0
"BN296838","W","NL","REP","F",43,"Y",2001,1,0,1,1,1
"DP34720","W","NL","UNA","M",39,"Y",2002,1,0,0,0,1
"BL173441","B","NL","DEM","M",41,"Y",1993,1,1,1,1,1
"DB39529","B","NL","DEM","F",56,"Y",1988,1,1,1,1,1
"EH9179","W","NL","DEM","M",71,"Y",1973,1,1,1,1,1
"BD116275","B","NL","DEM","F",25,"N",2008,0,0,1,1,0
"BY354799","B","UN","UNA","F",46,"Y",2016,0,1,0,1,1
"BE343915","B","NL","UNA","M",23,"Y",2012,0,0,0,0,0
"CW64016","W","NL","UNA","F",64,"Y",1976,1,0,1,1,1
"EH264941","B","NL","DEM","F",65,"Y",1995,1,1,1,1,1
"BP57441","W","NL","UNA","F",24,"Y",2012,0,0,0,0,0
"CR27716","W","UN","UNA","M",21,"Y",2016,0,0,0,1,1
"DN103031","W","NL","REP","M",70,"Y",2004,1,1,1,1,1
"BE402222","W","NL","REP","F",46,"Y",2016,0,0,0,0,1
"DD80320","W","NL","UNA","F",46,"Y",2001,1,0,1,0,1
"EH534981","W","UN","REP","F",37,"Y",2013,1,1,1,0,1
"CW298126","W","NL","REP","M",50,"Y",1994,1,1,1,0,1
"EH1130346","W","NL","UNA","F",35,"N",2016,0,0,0,0,1
"EG55129","B","NL","UNA","M",21,"N",2013,0,0,0,0,0
"AW120923","W","NL","REP","F",64,"Y",1999,1,1,1,1,1
"EH1004425","O","UN","DEM","M",58,"N",2014,0,0,0,0,1
"BY520333","W","UN","DEM","F",42,"Y",2008,1,0,1,0,1
"BY611521","W","UN","REP","M",46,"Y",2012,0,0,1,1,1
"CJ149506","W","NL","REP","M",23,"Y",2012,0,0,1,1,0
"CW440020","W","UN","REP","F",51,"Y",2008,1,1,1,1,1
"CW417413","W","NL","UNA","F",61,"Y",1998,1,0,1,1,1
"EB51702","W","NL","UNA","F",41,"N",2003,0,0,0,0,1
"BM46997","W","NL","DEM","F",56,"Y",2002,0,0,1,0,1
"EH1078246","W","NL","UNA","F",18,"N",2016,0,0,0,0,1
"EH699082","W","NL","DEM","F",39,"Y",2006,1,0,1,1,1
"CC44877","W","UN","REP","M",48,"N",1990,1,1,1,1,1
"BF30715","W","UN","UNA","M",48,"Y",2013,0,0,0,1,1
"AJ41682","W","NL","REP","M",21,"Y",2014,0,0,0,1,0
"CT47074","W","NL","DEM","F",84,"Y",2010,0,0,0,0,0
"BE358660","W","UN","DEM","F",64,"Y",2012,0,0,1,0,0
"CW1073923","A","UN","UNA","F",31,"Y",2014,0,0,0,0,1
"EP87563","W","NL","UNA","M",22,"Y",2012,0,0,1,0,0
"BD8670","W","NL","REP","F",53,"Y",1984,1,1,1,0,1
"CW1164660","U","HL","DEM","F",54,"N",2016,0,0,0,0,1
"DN120120","W","UN","UNA","F",65,"Y",2008,1,0,1,0,1
"EF92662","W","NL","REP","F",48,"Y",2001,1,1,1,1,0
"DL161604","B","NL","DEM","M",52,"Y",2003,1,1,1,1,1
"AY10453","W","UN","REP","M",74,"Y",2008,1,1,1,1,1
"CW954667","W","UN","REP","U",35,"Y",2012,0,0,1,0,1
"BE194839","W","NL","DEM","F",33,"Y",2002,0,0,0,0,0
"AL173505","W","NL","UNA","F",86,"Y",2004,1,1,1,1,1
"DE92000","O","NL","REP","M",62,"N",1988,1,0,1,0,0
"BB42869","W","NL","DEM","M",67,"Y",1995,0,0,0,0,0
"AL208723","W","NL","DEM","F",35,"Y",2006,0,0,0,0,0
"BR68220","W","NL","REP","F",41,"Y",1994,1,0,1,0,1
"BY385106","W","UN","REP","M",33,"Y",2008,1,1,1,0,1
"CM51021","U","UN","REP","F",48,"Y",2004,1,1,1,1,1
"EH667086","W","NL","REP","F",30,"Y",2005,0,0,0,0,0
"DZ34284","W","NL","UNA","M",86,"N",1962,1,1,1,1,1
"DE217332","W","NL","DEM","M",38,"Y",2015,0,0,0,0,1
"EH1117693","B","NL","DEM","M",36,"N",2016,0,0,0,0,0
"CM61211","B","NL","UNA","F",25,"Y",2016,0,0,0,0,1
"CW207275","W","NL","REP","F",79,"Y",1988,1,1,1,1,1
"CN86013","W","NL","REP","F",61,"Y",2015,0,0,0,0,1
"CW1150959","W","NL","UNA","M",46,"Y",2016,0,0,0,0,1
"AM40028","W","NL","REP","M",54,"Y",1995,1,1,1,1,1
"AE30541","W","UN","DEM","F",64,"Y",2012,0,0,0,0,0
"DD147527","W","NL","REP","M",27,"Y",2011,0,0,0,0,0
"BY583702","W","HL","DEM","M",49,"Y",2016,0,0,1,1,1
"AF23115","W","NL","REP","M",72,"Y",2008,1,1,1,1,1
"CW46296","B","NL","DEM","M",72,"N",1972,1,0,1,0,1
"CT15435","W","NL","REP","F",48,"N",1986,0,0,0,0,0
"BE235833","B","NL","DEM","F",34,"Y",2004,1,0,1,1,1
"DD69798","W","NL","DEM","M",57,"Y",1999,1,1,1,1,1
"AX46682","W","NL","REP","F",43,"Y",2005,1,1,1,1,1
"BC48645","W","NL","REP","M",55,"Y",2006,1,1,1,1,1
"EH143971","W","UN","REP","M",51,"Y",2013,1,1,1,1,1
"DZ33037","W","NL","UNA","M",64,"Y",1996,1,1,1,1,1
"CE40207","B","NL","DEM","M",25,"Y",2009,0,0,0,1,0
"CW236129","W","NL","REP","F",45,"Y",2008,1,0,0,0,0
"EL6427","W","NL","DEM","F",83,"Y",1969,1,1,1,1,0
"EH241396","W","UN","REP","F",45,"Y",2012,1,1,1,1,1
"AP75070","W","NL","UNA","M",53,"Y",2008,1,0,1,1,1
"DK42180","W","NL","UNA","M",23,"Y",2013,0,0,0,0,1
"EH986594","M","NL","DEM","F",21,"N",2016,0,0,0,0,1
"EH125117","W","NL","REP","F",54,"Y",1988,1,1,1,1,1
"BR111424","W","NL","REP","F",44,"N",2000,1,0,1,0,1
"AL230962","W","UN","DEM","M",41,"Y",2008,1,0,1,1,1
"CZ39907","W","NL","UNA","M",37,"Y",2013,0,0,0,0,0
"EH966667","W","NL","REP","M",58,"Y",2012,0,0,1,1,1
"EH13193","W","NL","REP","F",71,"Y",1972,1,1,1,1,1
"CW610432","W","NL","DEM","F",62,"Y",2007,1,0,1,1,1
"CW1067662","W","NL","DEM","F",31,"Y",2014,0,0,0,0,0
"CW420195","W","NL","UNA","F",60,"Y",2015,1,0,1,0,1
"BL382780","O","NL","DEM","M",28,"Y",2009,0,0,1,0,1
"BP42939","W","NL","DEM","F",80,"Y",2005,0,0,0,0,0
"BK29868","W","NL","REP","M",38,"N",2001,0,0,0,0,0
"BE327735","B","NL","DEM","M",43,"Y",2010,0,0,1,0,0
"AN193782","W","NL","UNA","M",20,"Y",2016,0,0,0,0,0
"EH191417","W","NL","REP","M",74,"Y",1991,1,1,1,1,1
"BB99670","W","NL","REP","M",20,"Y",2014,0,0,0,0,0
"DZ70330","W","NL","UNA","M",49,"Y",2016,0,0,0,0,0
"CT39603","W","NL","UNA","F",32,"Y",2015,1,0,1,0,1
"EG50649","B","NL","DEM","F",52,"Y",2010,0,1,0,0,1
"DG61497","O","HL","UNA","M",30,"N",2016,0,0,0,0,0
"DL60246","W","NL","DEM","M",71,"Y",1984,1,1,1,1,1
"EH1025916","W","UN","REP","F",21,"Y",2014,0,0,0,1,1
"BN361567","U","UN","UNA","F",45,"Y",2016,0,1,1,0,1
"CC113797","W","NL","UNA","F",27,"Y",2008,0,0,0,0,0
"BA16257","W","NL","REP","F",74,"Y",2013,0,0,0,1,1
"CC43633","W","NL","REP","M",53,"Y",1989,1,1,1,1,1
"EH838699","B","NL","DEM","F",27,"Y",2007,1,1,1,1,1
"DB264311","W","UN","UNA","M",42,"Y",2013,0,0,0,0,0
"BY551117","B","NL","UNA","M",26,"Y",2009,0,0,0,0,0
"AP90578","W","NL","UNA","F",19,"Y",2015,0,0,0,0,0
"EH1108434","A","UN","UNA","M",54,"Y",2016,0,0,0,0,1
"BY559752","W","NL","UNA","M",46,"Y",2010,0,0,1,0,1
"CC103840","W","NL","REP","F",40,"Y",2005,1,1,1,1,1
"DT44169","W","NL","DEM","M",68,"Y",1976,1,0,1,1,1
"CC51215","W","NL","REP","F",76,"N",1994,0,0,0,0,0
"BE252334","B","NL","DEM","F",40,"Y",2005,1,0,0,0,0
"CW935010","B","UN","DEM","F",77,"Y",2014,0,0,1,0,1
"BM51652","B","UN","DEM","M",55,"Y",2008,1,0,1,1,1
"DN18862","W","NL","UNA","M",64,"Y",1984,1,1,1,1,1
"BY447337","W","NL","REP","F",49,"Y",2006,1,1,1,1,1
"CJ118747","B","NL","DEM","F",28,"Y",2014,0,0,0,0,0
"CM21225","W","UN","DEM","F",62,"Y",1972,1,1,1,1,1
"DF21848","W","UN","UNA","F",51,"N",2016,0,0,0,0,1
"BD35618","B","NL","DEM","M",53,"Y",1988,1,1,1,1,1
"EH122935","W","NL","REP","F",64,"Y",1987,1,1,1,1,1
"DL199447","B","NL","DEM","F",40,"Y",2008,0,0,1,0,1
"DT129397","W","UN","UNA","M",27,"Y",2008,1,0,1,1,1
"BN457220","W","NL","REP","F",36,"Y",2013,0,0,0,0,1
"AT9848","B","NL","DEM","F",57,"Y",1988,1,1,1,1,1
"DD138657","W","NL","REP","M",28,"Y",2009,0,0,0,0,0
"DB41107","W","NL","DEM","M",49,"Y",1988,0,1,1,0,0
"AN126058","W","NL","UNA","F",48,"Y",2004,1,1,1,1,1
"AA24579","B","NL","DEM","M",66,"Y",1982,0,1,1,1,1
"EH752396","B","UN","DEM","M",36,"N",2007,0,0,0,0,0
"CW589280","O","HL","DEM","M",57,"Y",2003,1,1,1,1,1
"EP3173","W","NL","DEM","M",67,"Y",1971,1,1,1,1,1
"EH366127","B","NL","DEM","M",40,"Y",1997,1,1,1,1,1
"CW1133141","W","NL","REP","M",47,"Y",2016,0,0,0,0,1
"CN29388","W","NL","REP","M",59,"Y",2007,1,1,1,0,1
"AH24250","U","UN","UNA","U",30,"N",2012,0,0,0,0,0
"DH11632","W","NL","REP","F",63,"N",1972,1,1,1,1,1
"DB213198","W","NL","UNA","M",43,"Y",2008,1,0,1,0,1
"AN117575","B","NL","UNA","F",37,"Y",2016,0,0,0,0,1
"BN337219","B","NL","DEM","M",34,"Y",2004,0,0,0,0,0
"CC142630","W","NL","REP","M",73,"Y",2016,0,0,0,0,1
"BB104421","B","NL","DEM","F",20,"Y",2016,0,0,0,0,1
"EF192864","B","NL","DEM","M",61,"Y",2014,0,0,0,0,1
"AN11342","W","NL","REP","M",70,"Y",2012,1,1,1,1,1
"BH36824","W","UN","UNA","M",72,"Y",1965,1,1,1,1,1
"EB28885","W","NL","DEM","F",66,"N",1992,1,1,1,0,0
"CW851873","B","UN","DEM","F",47,"Y",2008,1,0,1,0,1
"DS111547","U","HL","UNA","M",45,"Y",2015,0,0,0,0,0
"CC141480","W","NL","DEM","F",21,"Y",2016,0,0,0,0,1
"AL61224","W","NL","REP","F",69,"Y",1989,1,0,1,0,1
"BD99671","W","NL","DEM","F",66,"Y",2005,1,1,1,1,1
"BL459056","O","NL","DEM","M",66,"Y",2016,0,0,0,0,1
"DB6780","W","NL","UNA","M",84,"Y",1968,1,1,1,1,1
"EH534964","B","NL","DEM","F",34,"Y",2002,1,0,1,0,1
"CW1175826","O","HL","UNA","F",23,"Y",2012,0,0,1,0,1
"BM3750","W","NL","DEM","M",55,"N",1980,1,1,1,1,1
"AS87393","W","NL","UNA","F",42,"N",2014,0,0,0,1,1
"AL190469","W","NL","DEM","F",78,"Y",2004,0,0,0,0,0
"BP17970","B","NL","DEM","F",66,"Y",1994,1,1,1,1,1
"DR125248","I","NL","DEM","F",25,"Y",2014,0,0,0,1,0
"AN145434","W","NL","DEM","F",36,"Y",2010,0,0,1,0,1
"AF10979","W","NL","REP","F",66,"N",1986,1,0,0,0,0
"CA60481","W","UN","UNA","F",34,"N",2016,0,0,0,0,0
"CW945450","W","NL","DEM","F",22,"Y",2012,0,0,1,0,1
"BN174277","W","NL","DEM","M",72,"Y",1992,1,1,1,1,1
"BE218161","B","NL","DEM","M",86,"Y",2004,1,0,0,1,1
"CA78592","W","NL","REP","F",29,"Y",2013,1,1,1,1,1
"DN56877","W","UN","UNA","F",53,"Y",1994,1,0,1,0,1
"AG58621","B","NL","DEM","F",42,"Y",2016,0,0,0,0,1
"BY643471","W","NL","DEM","F",36,"Y",2015,0,0,0,0,1
"CZ65860","W","NL","UNA","M",65,"Y",2004,1,1,1,1,1
"AW109788","W","NL","UNA","F",44,"N",1996,0,0,0,0,0
"BG50669","W","NL","DEM","M",48,"Y",2015,0,0,0,0,1
"DB12134","W","NL","UNA","M",67,"Y",1972,1,1,1,1,1
"DT110392","W","NL","REP","F",32,"Y",2004,1,0,1,1,1
"BB90120","W","NL","DEM","F",45,"Y",2009,0,0,1,0,1
"BR56709","W","NL","REP","M",43,"N",1991,1,1,1,1,1
"BL430221","W","UN","UNA","M",32,"Y",2016,0,0,0,1,1
"AK11431","W","NL","UNA","F",62,"Y",1981,1,1,1,0,1
"DZ33644","W","NL","REP","F",47,"Y",1994,1,1,1,1,1
"DE262453","B","NL","DEM","F",25,"Y",2016,0,0,1,0,1
"EH295842","W","NL","DEM","M",51,"Y",1996,1,1,1,1,1
"BN32109","W","NL","REP","M",74,"Y",1964,1,1,1,1,1
"CW923296","B","NL","DEM","F",52,"Y",2011,0,0,1,0,1
"DX30989","B","NL","DEM","M",38,"N",1996,1,0,1,0,1
"CW85877","B","NL","DEM","M",59,"N",1983,1,1,1,1,1
"AS62046","W","UN","REP","M",47,"Y",2012,1,1,1,1,1
"DP19015","W","NL","REP","F",51,"Y",1993,1,1,1,0,1
"EH756554","B","UN","DEM","F",51,"Y",2008,1,0,1,1,1
"BY105462","W","NL","UNA","F",65,"Y",1984,1,1,1,1,1
"CW1058801","M","UN","REP","F",75,"N",2014,0,0,0,1,1
"EP49569","W","NL","DEM","F",82,"Y",1997,0,0,0,0,0
"DB156842","W","NL","UNA","M",32,"Y",2016,0,0,1,0,1
"EM72214","B","NL","DEM","M",38,"Y",2003,1,0,0,0,0
"CD10631","B","NL","DEM","F",58,"Y",1988,1,0,1,0,1
"AM91553","W","NL","UNA","F",56,"Y",2011,0,0,1,1,1
"AT14314","W","NL","DEM","F",41,"Y",1996,1,0,1,0,1
"BL342764","W","NL","REP","F",35,"Y",2007,1,1,1,0,0
"DB25103","W","NL","REP","F",76,"Y",1972,1,1,1,1,1
"BR129489","W","NL","REP","F",32,"Y",2004,1,0,1,0,1
"BP4926","W","NL","REP","M",54,"Y",1980,1,0,1,1,0
"CH36494","W","NL","REP","M",34,"Y",2016,1,1,1,0,1
"EH1123889","W","NL","UNA","M",26,"Y",2016,0,0,0,0,1
"CW385900","B","NL","DEM","F",41,"N",1996,1,1,1,0,1
"BZ50475","B","NL","DEM","F",40,"Y",2008,1,1,1,1,1
"BE206276","W","NL","DEM","F",32,"Y",2003,1,0,1,0,1
"DD103162","W","NL","REP","F",55,"Y",2015,1,1,1,1,1
"CJ67717","W","NL","DEM","F",46,"Y",1998,1,1,1,1,1
"DE261843","W","UN","LIB","M",25,"N",2010,0,0,1,0,0
"AN191826","W","NL","REP","M",28,"Y",2015,0,0,0,0,1
"CW621925","U","UN","UNA","F",30,"Y",2008,1,0,1,0,0
"BD100452","B","NL","DEM","F",69,"Y",2005,0,0,0,0,0
"CW631020","W","NL","REP","M",44,"Y",2004,1,1,1,1,1
"CH56024","W","NL","REP","F",61,"Y",2016,0,0,0,0,1
"CW793162","W","NL","DEM","F",38,"Y",2008,1,1,1,1,1
"EM112690","B","NL","DEM","M",43,"N",2016,0,0,1,0,1
"CC67441","W","NL","UNA","F",37,"Y",1997,0,0,0,0,0
"DE176500","B","UN","DEM","F",36,"Y",2015,1,0,1,1,1
"BL409691","I","NL","DEM","F",32,"Y",2012,0,0,1,0,1
"EF19530","W","NL","UNA","M",76,"Y",1984,1,1,1,1,1
"DZ54335","W","NL","DEM","F",40,"Y",2006,1,0,1,0,1
"AX40729","W","UN","REP","M",70,"Y",2009,1,1,1,1,1
"CL55968","W","NL","REP","M",53,"Y",2013,0,0,0,0,0
"BL305824","U","UN","UNA","F",33,"Y",2008,1,1,1,1,1
"EL75128","W","NL","UNA","M",23,"Y",2011,0,0,0,0,0
"BL241600","O","NL","UNA","M",48,"Y",2016,1,0,1,1,1
"EH789743","B","UN","DEM","F",47,"Y",2008,1,0,1,0,1
"CJ120831","W","NL","UNA","F",58,"Y",2007,1,0,0,0,1
"AK35831","W","NL","UNA","F",52,"Y",1994,1,1,1,0,1
"AH13323","W","NL","DEM","F",86,"N",1960,0,0,0,0,0
"CW741001","O","HL","UNA","M",39,"Y",2007,1,0,1,0,0
"CB78510","W","UN","REP","F",53,"N",2012,0,0,1,0,0
"CB37817","W","NL","DEM","F",46,"Y",1993,1,1,0,1,1
"EL5716","W","NL","DEM","F",63,"N",1972,1,1,1,1,1
"EH267527","B","NL","DEM","M",54,"Y",1995,1,1,1,1,1
"CC134417","W","UN","REP","F",25,"Y",2014,0,0,0,1,0
"BK15376","B","NL","DEM","F",50,"Y",1989,1,1,1,0,1
"CC29522","W","UN","REP","M",51,"Y",1984,1,1,1,0,1
"DX61016","W","NL","DEM","F",80,"Y",2014,0,0,0,1,1
"CN4516","W","NL","DEM","F",68,"Y",1970,1,1,1,1,1
"AL277761","W","UN","UNA","F",29,"Y",2013,0,0,0,0,0
"BY58716","B","NL","DEM","F",56,"Y",1988,1,0,1,1,1
"EH789896","B","NL","UNA","M",30,"Y",2008,0,0,1,0,0
"CW882420","W","NL","DEM","F",53,"Y",2010,0,0,1,0,1
"BN482967","W","NL","UNA","M",32,"Y",2016,0,0,0,0,0
"CW1119879","B","NL","DEM","M",32,"Y",2016,0,0,0,0,1
"BN32088","W","UN","REP","M",66,"Y",1972,1,1,1,1,1
"CW998894","U","UN","DEM","M",61,"Y",2012,0,0,1,0,1
"AB25823","W","UN","REP","M",79,"Y",2012,1,1,1,1,1
"BL81149","W","NL","DEM","F",73,"Y",1984,1,1,1,1,1
"EH1113868","W","NL","UNA","M",18,"Y",2016,0,0,0,0,1
"BN433716","W","NL","UNA","M",25,"N",2012,0,0,1,0,0
"AN186999","W","NL","REP","F",21,"N",2014,0,0,0,1,1
"CJ97796","B","UN","DEM","F",72,"Y",2016,1,1,1,1,1
"BB81161","W","UN","REP","M",27,"Y",2007,1,1,1,1,1
"AA131218","W","NL","UNA","F",52,"Y",2003,1,1,0,1,1
"EM61688","W","NL","DEM","F",68,"Y",2000,1,0,1,0,0
"AL179721","W","NL","UNA","F",31,"Y",2004,1,0,0,0,0
"CG154409","U","UN","REP","U",25,"Y",2016,0,0,0,1,1
"BY267682","B","NL","DEM","F",53,"Y",1995,1,1,1,1,1
"EN8956","W","NL","DEM","F",72,"N",1974,1,0,1,0,1
"BY646576","W","HL","DEM","F",31,"Y",2015,0,0,0,0,1
"CW925054","B","NL","DEM","F",43,"Y",2011,0,0,1,1,1
"BL103647","W","NL","DEM","F",60,"Y",2013,0,0,0,0,0
"BY587614","M","NL","UNA","F",22,"Y",2012,0,0,0,0,0
"CW803761","U","UN","DEM","U",41,"N",2008,0,0,1,0,0
"DS108693","W","NL","REP","F",23,"N",2013,0,0,0,0,0
"BY519320","B","NL","DEM","M",58,"Y",2008,0,0,0,0,0
"DL232503","O","UN","DEM","F",24,"N",2012,0,0,1,0,0
"DK45042","W","NL","UNA","M",72,"Y",2016,0,0,0,0,1
"ED26299","W","NL","DEM","M",64,"Y",1996,1,0,1,1,1
"AL283421","W","NL","UNA","M",60,"Y",2014,0,0,0,0,0
"CW751296","A","UN","UNA","M",64,"Y",2007,0,0,0,0,1
"BL404327","W","NL","UNA","M",26,"Y",2012,0,0,1,0,0
"DE264909","O","NL","UNA","M",23,"Y",2011,0,0,0,0,0
"BL149805","W","NL","REP","M",58,"Y",1991,1,0,1,1,1
"CW982047","A","NL","DEM","M",31,"Y",2012,0,0,0,0,1
"DD110774","B","NL","UNA","M",28,"Y",2006,0,0,0,0,0
"EF41473","W","NL","REP","M",51,"Y",1992,1,1,1,1,1
"DC10825","B","NL","DEM","M",71,"N",1984,1,1,1,1,1
"DY36873","B","NL","DEM","M",52,"Y",2010,0,0,0,0,0
"BY588919","B","NL","DEM","F",28,"Y",2016,0,0,1,0,1
"CD26718","B","UN","UNA","F",24,"Y",2011,0,0,1,1,1
"CJ144892","W","NL","REP","M",24,"Y",2011,0,0,0,0,0
"DL237869","W","NL","UNA","F",46,"N",2013,0,0,0,0,1
"EH82890","B","NL","DEM","M",63,"Y",1983,1,0,1,1,1
"EH767850","W","NL","DEM","F",26,"Y",2008,1,0,0,0,1
"BY212412","W","NL","DEM","M",61,"Y",1990,0,0,0,0,0
"AL291194","W","NL","UNA","M",20,"Y",2016,0,0,0,0,1
"CY32476","W","UN","UNA","M",19,"Y",2015,0,0,0,0,1
"BH60097","B","NL","DEM","F",44,"Y",1992,1,1,1,1,1
"CZ74977","W","NL","REP","M",27,"Y",2007,0,0,0,0,0
"CS20219","W","NL","DEM","F",46,"Y",1998,1,1,1,1,1
"CN65040","W","NL","UNA","F",29,"Y",2006,0,0,0,0,1
"DD120948","B","NL","DEM","F",26,"Y",2008,1,0,1,0,1
"AK57087","W","NL","DEM","F",82,"N",2000,0,0,0,0,0
"EB5969","W","NL","REP","M",74,"Y",1968,1,0,1,0,0
"CJ25581","W","NL","DEM","M",78,"N",1964,1,1,1,1,1
"AW210115","W","NL","REP","F",65,"Y",2016,0,0,0,0,1
"BY657143","W","NL","REP","F",36,"Y",2016,0,0,0,0,1
"CR7454","W","NL","DEM","F",67,"Y",1974,1,1,1,1,1
"EF159951","W","NL","REP","F",25,"Y",2010,0,1,1,0,1
"BY330565","W","NL","DEM","M",34,"Y",2000,1,0,1,0,1
"CW866714","B","NL","UNA","M",37,"Y",2009,0,0,0,0,0
"EH880035","W","NL","REP","M",58,"Y",2011,0,0,1,1,1
"DB176065","W","NL","REP","M",68,"Y",2004,1,1,1,1,1
"DR103059","W","NL","UNA","M",26,"Y",2008,1,0,1,0,0
"EH749490","W","NL","UNA","F",33,"Y",2007,1,1,1,1,1
"CW660018","A","NL","UNA","M",31,"Y",2004,0,0,0,0,1
"DL235333","W","NL","UNA","M",22,"Y",2013,0,0,0,0,0
"CH55483","W","NL","UNA","F",19,"N",2016,0,0,0,0,1
"DN7750","W","NL","REP","F",68,"N",1972,1,1,1,1,1
"AM94773","W","NL","REP","F",31,"Y",2012,0,0,1,0,1
"DR105035","B","NL","DEM","F",27,"Y",2008,1,0,1,0,1
"BN53643","W","NL","REP","F",117,"N",1968,1,0,0,0,0
"AL6706","W","NL","DEM","F",90,"N",1984,1,1,1,1,1
"CW96261","W","NL","REP","M",58,"Y",1982,1,1,1,1,0
"DB279239","W","NL","DEM","M",58,"N",2012,0,0,0,0,0
"BE29971","W","NL","DEM","F",88,"N",1966,0,0,0,0,0
"CN58989","W","NL","DEM","M",47,"N",2004,1,0,0,0,1
"AN160613","W","NL","UNA","M",45,"Y",2012,0,0,1,1,1
"DE271236","M","HL","DEM","F",24,"Y",2012,0,0,1,0,1
"BE55987","W","UN","REP","M",58,"Y",1900,1,1,1,1,1
"BN7071","W","NL","DEM","F",71,"Y",1967,1,0,1,0,1
"BB107051","B","NL","DEM","F",30,"Y",2016,0,0,0,0,1
"BY109493","B","NL","DEM","F",51,"Y",1990,1,1,1,1,1
"CW44930","B","NL","DEM","M",69,"Y",1971,0,0,0,0,0
"BL259423","B","NL","DEM","F",46,"N",2000,1,1,1,1,1
"CW989291","B","UN","DEM","M",41,"N",2012,0,0,1,0,1
"CW710143","B","UN","UNA","M",29,"Y",2016,0,0,1,0,1
"BE376646","U","UN","UNA","U",20,"Y",2016,0,0,0,1,0
"CW1115623","W","HL","REP","F",26,"Y",2016,0,0,0,0,0
"DA11054","W","NL","REP","M",44,"Y",1991,1,1,1,1,1
"EH1057560","W","NL","DEM","F",42,"N",2016,0,0,0,0,1
"BR85797","W","NL","DEM","M",71,"Y",1996,1,1,1,1,1
"CA112218","B","NL","UNA","F",61,"Y",2016,0,0,0,1,1
"AM19980","W","NL","UNA","F",58,"Y",2000,1,1,1,0,1
"BY670922","O","NL","REP","F",18,"Y",2016,0,0,0,0,1
"DL30228","B","NL","DEM","M",62,"Y",1972,1,1,1,1,1
"CP38228","W","NL","DEM","M",58,"Y",2009,0,1,1,0,0
"AN193140","O","HL","DEM","M",56,"Y",2016,0,0,0,0,0
"ED38510","W","NL","DEM","F",73,"Y",2004,1,0,0,0,1
"CN6306","W","NL","DEM","F",81,"N",1968,1,0,1,0,1
"CW563663","B","NL","DEM","F",34,"Y",2002,1,1,1,1,1
"AL306266","W","NL","UNA","M",19,"N",2016,0,0,0,0,1
"CW1163178","B","UN","DEM","M",34,"Y",2016,0,0,0,0,1
"EH663812","W","UN","REP","F",58,"Y",2004,0,0,1,0,0
"BL331540","O","NL","UNA","M",29,"Y",2006,1,1,0,0,0
"BH57281","B","UN","DEM","M",45,"N",1992,1,1,1,0,1
"BD119853","W","NL","UNA","F",52,"Y",2010,0,1,1,0,1
"CC87348","W","NL","REP","M",43,"Y",2002,1,1,1,1,1
"BC62983","U","UN","UNA","U",24,"N",2016,0,0,0,0,1
"DB153083","W","NL","DEM","F",74,"Y",2002,1,0,0,0,0
"CH12583","W","UN","REP","M",58,"Y",2010,0,0,1,0,1
"AK122989","B","UN","UNA","U",21,"N",2013,0,0,0,0,0
"EH901441","W","NL","DEM","F",38,"N",2011,0,0,1,1,1
"EH1053851","W","NL","DEM","M",34,"Y",2015,0,0,0,0,1
"EL8796","W","NL","DEM","F",52,"Y",1982,1,1,1,1,1
"AN68562","W","NL","UNA","M",70,"Y",1995,1,1,1,1,1
"BB98780","W","NL","REP","F",21,"Y",2013,0,0,0,1,1
"CW1007462","B","NL","DEM","M",25,"Y",2012,0,0,0,0,0
"AK113668","W","NL","UNA","M",62,"Y",2011,0,0,1,1,1
"CZ15039","W","NL","REP","F",98,"Y",1984,1,1,1,1,1
"BL406719","O","HL","DEM","M",48,"N",2012,0,0,0,0,0
"DT70932","W","NL","REP","M",40,"Y",1996,1,1,1,1,1
"EN52803","W","NL","DEM","F",63,"Y",2016,1,0,0,0,1
"BW51741","W","NL","UNA","F",33,"Y",2009,0,0,0,0,0
"BL374250","B","UN","DEM","M",39,"Y",2008,1,0,0,0,0
"EH305677","W","NL","DEM","M",40,"Y",1996,1,0,0,0,0
"EF187247","W","NL","UNA","F",65,"N",2014,0,0,0,1,1
"AD28653","W","NL","UNA","F",26,"Y",2012,0,0,0,0,0
"DS94432","B","UN","DEM","M",45,"Y",2008,1,0,1,1,1
"BA4192","W","NL","UNA","F",46,"Y",1988,1,1,1,1,1
"BN365469","W","NL","REP","F",42,"Y",2007,1,0,1,0,1
"CW197785","W","NL","REP","M",68,"Y",1990,1,1,1,1,1
"AL164767","W","NL","DEM","M",80,"Y",2003,1,1,1,1,1
"ED53100","U","UN","UNA","U",20,"Y",2016,0,0,0,0,0
"EH918002","W","NL","UNA","M",26,"Y",2012,0,0,1,0,1
"BB85040","W","NL","REP","M",73,"Y",2008,0,0,0,0,1
"CW936258","B","UN","DEM","F",23,"Y",2012,0,0,1,1,1
"AD16101","W","NL","DEM","M",48,"N",1996,1,1,1,1,1
"BD77320","W","NL","REP","M",55,"Y",2000,1,1,1,1,1
"AN148801","W","NL","UNA","F",31,"Y",2008,1,0,1,0,1
"DY20890","W","NL","UNA","M",54,"Y",2015,1,1,1,1,1
"DN39432","W","NL","REP","F",79,"Y",1988,1,1,1,0,1
"BY372448","U","NL","DEM","M",71,"Y",2012,0,0,1,1,1
"EH1095350","U","HL","DEM","U",84,"Y",2016,0,0,0,0,0
"CP22264","W","NL","REP","M",44,"Y",2016,1,1,1,1,1
"EL24788","W","NL","REP","M",57,"N",1994,1,0,1,1,1
"AM37455","W","NL","DEM","F",77,"Y",1968,1,0,1,1,1
"DT138288","W","NL","LIB","M",45,"Y",2014,0,0,0,0,1
"EH861987","W","UN","DEM","M",46,"Y",2010,0,0,1,0,1
"CW241051","W","NL","REP","M",56,"Y",1992,0,0,0,0,0
"DP36273","B","NL","UNA","M",30,"Y",2004,1,0,1,1,1
"BR206324","W","NL","REP","F",21,"Y",2016,0,0,0,0,1
"AN78234","W","NL","REP","F",55,"Y",1997,0,0,0,0,0
"EL92875","B","UN","DEM","F",31,"Y",2016,0,0,0,0,1
"BG51671","W","UN","DEM","M",56,"Y",2016,0,0,0,0,1
"CW127550","W","NL","REP","F",76,"Y",1984,1,1,1,1,0
"BN261080","W","NL","UNA","F",64,"Y",1998,1,1,1,1,1
"AY4760","W","NL","REP","F",51,"Y",1984,1,1,1,1,1
"CW257372","W","NL","REP","M",58,"Y",1992,1,1,1,1,1
"BR209655","B","UN","DEM","M",19,"Y",2016,0,0,0,0,0
"AW193443","W","NL","DEM","F",78,"Y",2012,0,0,0,0,0
"DT128598","W","UN","REP","F",32,"Y",2014,0,0,0,0,0
"CW489397","O","NL","REP","F",63,"Y",2000,1,0,1,1,1
"BN96435","W","UN","UNA","F",72,"Y",1982,1,1,1,1,1
"BY589853","W","NL","UNA","F",22,"Y",2012,0,0,1,0,0
"AM37289","W","NL","UNA","M",58,"Y",1984,1,1,1,1,1
"DD35934","W","NL","REP","M",64,"Y",1992,1,1,1,1,1
"BL367683","O","NL","REP","F",43,"Y",2016,1,0,1,0,1
"EP79537","B","UN","DEM","M",47,"Y",2008,1,0,1,0,0
"EF199693","W","NL","UNA","F",33,"Y",2016,0,0,0,0,0
"EF24960","W","NL","REP","F",46,"Y",1988,0,0,0,0,0
"BN273556","O","NL","UNA","M",52,"Y",1999,0,0,1,0,1
"BE344568","A","NL","REP","F",34,"Y",2012,0,0,1,0,1
"DN147980","W","NL","UNA","F",18,"Y",2016,0,0,0,0,0
"DG17263","W","NL","DEM","F",49,"N",1990,0,0,0,0,0
"CS29932","B","NL","DEM","F",59,"Y",2008,1,0,1,1,1
"CJ54171","W","NL","UNA","F",39,"N",1996,1,1,1,1,1
"AD20593","W","UN","DEM","F",33,"N",2002,1,0,0,0,1
"AL295906","W","NL","LIB","F",40,"Y",2015,0,0,0,0,0
"DZ70007","W","NL","REP","F",34,"Y",2016,0,0,0,0,1
"CS10798","B","NL","DEM","F",83,"N",1964,1,1,1,0,1
"BY568587","W","NL","REP","M",63,"Y",2011,0,0,0,0,0
"EH614316","W","NL","REP","M",30,"Y",2004,1,0,1,0,1
"BH120554","W","NL","DEM","F",60,"Y",2004,1,0,1,1,1
"CW989110","B","NL","DEM","M",54,"Y",2004,0,0,1,0,0
"BD62062","B","NL","DEM","F",43,"Y",1996,1,1,1,1,1
"BK50510","W","NL","REP","M",20,"Y",2016,0,0,0,0,1
"AM78156","B","NL","REP","F",29,"Y",2005,1,0,1,0,1
"BY454863","B","NL","DEM","M",77,"Y",1999,0,0,1,0,1
"CW38455","W","NL","DEM","F",73,"Y",1968,1,1,1,1,1
"AA19699","W","NL","DEM","M",57,"Y",1978,1,1,1,1,1
"EH619483","U","UN","REP","M",56,"Y",2008,1,1,1,1,1
"EF69217","W","NL","UNA","F",63,"Y",1998,1,0,0,1,1
"BY622740","W","NL","REP","M",47,"Y",2013,0,0,0,0,1
"CJ114607","W","NL","UNA","F",51,"Y",2006,0,0,0,0,1
"BY572662","W","NL","REP","M",56,"Y",2011,0,0,1,1,1
"CJ40776","W","NL","REP","F",42,"N",1993,0,0,0,0,0
"CP29564","W","NL","REP","F",39,"Y",2003,1,0,0,0,0
"EF128653","W","NL","UNA","M",62,"Y",2006,0,0,0,0,0
"DG49164","B","UN","UNA","M",70,"Y",2016,1,1,1,1,1
"AW201477","W","NL","DEM","F",20,"Y",2015,0,0,0,0,0
"BR110227","W","UN","REP","M",38,"Y",2000,1,1,1,0,0
"CW691687","W","NL","UNA","F",29,"Y",2015,0,0,1,0,1
"EN32024","O","NL","REP","F",53,"Y",2016,1,0,0,0,1
"BF33585","W","UN","REP","M",55,"Y",2016,0,0,0,0,1
"BD78653","W","NL","REP","F",53,"Y",2008,1,1,1,1,1
"DE162980","W","NL","DEM","F",65,"Y",1998,1,1,1,1,0
"BB106458","W","NL","UNA","F",46,"Y",2016,0,0,0,0,1
"CW898762","W","NL","DEM","F",47,"Y",2010,0,1,1,0,1
"BY400914","W","NL","UNA","M",69,"Y",2004,1,1,1,1,1
"CZ98121","W","NL","REP","M",20,"Y",2015,0,0,0,0,1
"DA19971","B","NL","DEM","F",64,"Y",1981,1,1,1,1,1
"AM103587","U","NL","UNA","F",47,"Y",2016,0,0,0,0,0
"CW599657","W","NL","UNA","F",33,"Y",2015,0,0,0,0,1
"CB47476","W","NL","DEM","M",48,"N",1998,1,0,1,0,1
"DR54894","I","NL","DEM","F",71,"N",1994,1,0,1,0,0
"CW1085419","B","NL","REP","M",35,"Y",2015,0,0,0,0,0
"CW312357","B","NL","DEM","M",49,"Y",1995,1,0,1,0,0
"CW823751","M","UN","DEM","F",27,"Y",2008,1,0,0,0,0
"BH153824","W","NL","UNA","M",23,"Y",2012,0,0,0,0,1
"EF26685","W","NL","REP","M",69,"Y",1988,1,1,1,0,1
"CZ95932","W","NL","REP","M",68,"Y",2014,0,0,0,1,1
"BY542159","B","NL","UNA","F",31,"Y",2008,0,0,0,0,0
"AA188578","W","NL","REP","M",19,"Y",2015,0,0,0,0,1
"AK133008","W","NL","DEM","F",54,"Y",2015,0,0,0,0,0
"DA2591","W","NL","UNA","F",62,"Y",1987,1,1,1,1,1
"CW3896","W","NL","REP","M",82,"Y",1964,1,1,1,1,1
"EH564364","W","NL","UNA","F",31,"Y",2003,0,0,0,0,0
"BW51433","W","NL","UNA","M",67,"Y",2009,0,0,1,1,1
"AA57329","W","NL","REP","F",54,"N",1984,1,1,1,1,1
"DE23005","W","NL","DEM","F",95,"N",1972,0,0,0,0,0
"CG22589","W","NL","UNA","F",53,"Y",2000,1,0,1,1,1
"EP25192","W","NL","REP","F",57,"Y",1988,1,1,1,1,1
"BE382476","W","NL","DEM","M",59,"Y",2015,0,0,0,0,0
"EH705159","O","NL","DEM","M",36,"Y",2006,0,1,1,1,1
"CW269972","W","NL","DEM","F",59,"N",1992,1,1,1,1,1
"CD25302","B","NL","DEM","M",43,"Y",2008,1,0,1,0,0
"EF207205","W","NL","UNA","F",27,"Y",2016,0,0,0,0,1
"EH813908","B","NL","DEM","M",53,"Y",2008,0,0,1,1,1
"BB97497","B","NL","DEM","M",64,"Y",2012,0,0,1,0,0
"CA67712","W","NL","UNA","M",43,"Y",2004,1,0,1,0,1
"BH168187","W","NL","UNA","F",30,"Y",2016,0,0,0,0,1
"DD140858","W","NL","UNA","F",27,"N",2010,0,0,0,0,0
"EH1020996","W","NL","LIB","M",33,"N",2014,0,0,0,0,0
"EH714409","W","UN","REP","M",45,"Y",2006,1,1,1,1,1
"BN388196","W","UN","UNA","M",32,"Y",2008,0,0,0,0,0
"EJ2519","W","NL","DEM","F",61,"Y",1992,1,1,1,0,1
"AL299093","W","UN","UNA","M",67,"Y",2015,0,0,0,0,1
"BC19090","W","NL","DEM","M",73,"Y",1969,1,1,1,0,1
"AP59732","W","UN","REP","M",77,"Y",2002,1,1,1,1,1
"BN8089","W","NL","DEM","F",88,"N",1960,1,1,1,1,1
"DG34224","U","UN","DEM","F",35,"Y",2001,1,0,1,0,0
"DS114700","U","HL","DEM","M",44,"Y",2016,0,0,0,0,1
"CM49396","W","NL","REP","F",76,"Y",2004,1,1,1,0,1
"AA106643","W","NL","DEM","M",39,"Y",1997,1,1,1,1,1
"BH149025","U","UN","UNA","F",30,"N",2010,0,0,1,0,1
"BY127223","W","NL","REP","F",84,"Y",1964,1,0,1,1,1
"BD143324","W","NL","DEM","F",22,"Y",2016,0,0,0,0,0
"DR95614","B","NL","DEM","M",46,"Y",2007,1,0,1,1,1
"DN141661","W","NL","REP","F",20,"Y",2014,0,0,0,0,0
"EB31692","W","NL","DEM","F",44,"Y",1994,1,1,1,1,1
"AX44197","U","UN","DEM","U",49,"Y",2012,1,1,1,1,1
"AW193111","W","NL","UNA","F",66,"Y",2012,0,0,1,0,1
"DN82256","W","UN","REP","F",64,"Y",2016,0,0,0,0,1
"AA187935","W","NL","DEM","F",51,"Y",2016,0,0,0,0,1
"CW488144","B","NL","DEM","M",36,"Y",2000,0,0,0,0,0
"DF8738","W","NL","DEM","F",80,"N",1990,0,0,0,1,1
"EM109592","B","NL","UNA","M",45,"Y",2012,0,0,0,0,0
"AG56536","W","NL","REP","F",23,"Y",2014,0,0,0,0,1
"BR120898","W","NL","DEM","F",67,"Y",2003,1,0,1,0,1
"BY488888","B","UN","DEM","F",46,"Y",2006,1,1,1,1,0
"BL328956","W","NL","REP","F",50,"Y",2006,1,1,1,1,1
"CW947814","O","HL","REP","F",26,"Y",2015,0,0,1,1,1
"EG18440","B","NL","DEM","F",81,"Y",1964,1,1,1,1,1
"DE278968","W","UN","REP","M",23,"Y",2012,0,0,1,0,0
"CW989488","W","NL","UNA","M",33,"Y",2012,0,0,1,1,1
"CW894220","W","NL","REP","M",25,"Y",2010,0,1,0,0,0
"CN44329","W","NL","UNA","F",50,"Y",1998,1,1,1,1,1
"CA67140","W","NL","UNA","F",42,"Y",2004,1,1,1,1,1
"AD32591","U","UN","REP","U",18,"Y",2016,0,0,0,0,0
"ED52160","W","NL","UNA","M",19,"Y",2016,0,0,0,0,0
"BC36480","W","NL","DEM","F",40,"Y",1996,1,0,1,1,1
"DL197002","W","UN","UNA","M",29,"N",2008,0,0,0,0,0
"EP68183","B","UN","DEM","F",51,"Y",2004,1,1,1,1,1
"DD182111","W","NL","REP","F",19,"N",2016,0,0,0,0,1
"EB10388","W","NL","UNA","M",53,"Y",1982,1,1,1,1,1
"AL209046","W","NL","UNA","M",40,"Y",2006,1,0,1,0,1
"AK134932","W","NL","UNA","M",30,"Y",2015,0,0,0,0,0
"EH121781","W","NL","DEM","F",69,"Y",1988,1,1,1,1,1
"AJ31105","W","NL","REP","M",47,"Y",2008,1,1,1,1,1
"CF4630","W","NL","REP","M",67,"Y",1972,1,1,1,1,1
"AP18787","W","NL","DEM","M",59,"Y",1976,1,1,1,1,1
"EA3466","W","NL","REP","M",69,"Y",1978,1,1,1,1,1
"BN54545","W","UN","REP","F",86,"Y",1976,1,0,1,0,0
"BH138514","W","NL","REP","F",26,"Y",2008,0,0,0,0,1
"DD143146","B","NL","DEM","F",54,"Y",2010,0,0,0,0,0
"DE248309","U","HL","DEM","M",33,"Y",2014,1,0,1,1,0
"CE19407","B","NL","DEM","M",51,"Y",1998,1,0,1,0,1
"EH715476","W","UN","UNA","F",28,"Y",2007,1,0,1,0,1
"CW975464","W","NL","DEM","F",25,"N",2012,0,0,0,0,0
"AW190525","U","HL","UNA","F",53,"N",2012,0,0,1,0,1
"EH820792","B","NL","DEM","M",30,"Y",2008,0,0,0,0,0
"AT22945","W","NL","UNA","F",43,"Y",2014,1,0,0,0,1
"EH803759","O","HL","UNA","F",38,"Y",2008,1,0,1,0,1
"BY404094","B","UN","DEM","F",33,"Y",2007,1,1,1,1,1
"CE7054","B","NL","DEM","M",51,"Y",1984,1,1,1,0,1
"AA130352","W","NL","UNA","F",32,"Y",2003,0,0,1,0,1
"BX19796","B","NL","DEM","F",63,"Y",2008,1,1,1,1,1
"CW394103","W","NL","REP","M",58,"Y",1997,1,1,1,1,1
"BE132936","W","NL","REP","F",72,"N",1996,0,0,0,0,0
"CW1172592","B","NL","DEM","F",59,"Y",2016,0,0,0,0,0
"BL320632","W","NL","REP","M",47,"Y",2007,1,1,1,1,1
"BR45273","W","NL","DEM","F",84,"Y",1988,0,0,0,0,0
"EH652682","B","UN","UNA","F",37,"Y",2004,0,0,0,0,0
"BE390815","W","UN","REP","F",19,"Y",2016,0,0,0,0,1
"EH326824","W","NL","REP","M",26,"Y",1996,1,1,1,1,1
"BR172289","O","HL","DEM","M",68,"Y",2010,0,1,1,0,1
"AN13769","W","NL","DEM","F",58,"Y",1977,1,1,1,1,1
"CW1153824","W","HL","REP","M",60,"N",2016,0,0,0,0,1
"CT54700","W","NL","DEM","F",19,"Y",2016,0,0,0,0,0
"CA4013","B","NL","REP","F",52,"Y",1986,1,1,1,1,1
"DA60035","B","NL","DEM","F",76,"Y",1998,1,1,1,1,1
"AW53369","W","NL","REP","F",52,"Y",1984,1,0,1,1,1
"BB37334","W","UN","DEM","M",60,"Y",2008,1,0,1,0,0
"BY639425","B","NL","UNA","F",37,"Y",2014,0,0,0,0,1
"CW85384","W","NL","DEM","M",76,"Y",1980,1,1,1,1,1
"CF8262","B","NL","DEM","M",20,"Y",2014,0,0,0,0,0
"AA194897","B","UN","DEM","F",63,"N",2016,0,0,0,0,0
"DL42376","W","NL","REP","F",59,"Y",1976,1,1,1,1,1
"BN432472","B","UN","DEM","F",24,"Y",2014,0,0,1,0,1
"AK17031","B","NL","DEM","F",67,"N",1983,1,1,1,1,1
"BY278186","W","NL","UNA","M",52,"Y",2016,0,0,0,0,1
"AN190996","O","UN","UNA","F",30,"N",2015,0,0,0,0,0
"BY260901","W","NL","REP","M",58,"Y",1994,0,0,1,0,1
"EL70544","W","UN","UNA","M",28,"N",2008,1,0,0,0,0
"DL180543","B","NL","DEM","F",81,"N",2005,1,0,1,0,0
"CW1023060","O","NL","UNA","M",21,"Y",2013,0,0,0,0,0
"EH1124686","W","NL","UNA","M",30,"N",2016,0,0,0,0,1
"BT3251","W","NL","DEM","M",91,"Y",1968,1,1,1,1,1
"BE355264","W","NL","REP","F",27,"N",2012,0,0,1,0,0
"EH700872","W","UN","REP","M",60,"Y",2006,1,0,1,0,0
"AW175723","W","NL","LIB","M",59,"Y",2012,1,0,1,0,0
"DE129923","W","NL","UNA","F",73,"Y",2009,1,1,1,1,1
"EN7839","W","NL","UNA","F",55,"Y",1980,1,1,1,1,1
"AL203833","W","NL","REP","F",35,"Y",2006,1,0,1,1,1
"EH1121525","W","NL","UNA","F",31,"N",2016,0,0,0,0,1
"AT18383","B","UN","DEM","M",64,"Y",2012,1,0,1,1,1
"AY40413","W","NL","UNA","F",59,"Y",2016,0,0,0,0,1
"BY445820","W","NL","REP","M",64,"Y",2016,1,0,0,0,0
"CW320220","W","NL","DEM","M",63,"Y",1995,1,1,1,1,1
"CW519054","W","NL","REP","M",37,"Y",2012,1,0,1,1,1
"CW1139035","B","NL","DEM","M",27,"N",2016,0,0,0,0,0
"EJ6120","W","NL","DEM","M",49,"N",1985,1,1,1,1,1
"DE46408","B","NL","DEM","F",60,"N",1980,1,1,1,1,1
"BE391522","B","NL","UNA","M",29,"Y",2016,0,0,0,0,1
"DH44765","B","NL","DEM","F",56,"N",2006,0,0,0,0,1
"CJ131457","W","NL","REP","M",38,"Y",2013,1,1,1,1,1
"CW595993","W","NL","DEM","F",62,"Y",2003,1,1,1,0,1
"EH713427","B","NL","DEM","F",67,"Y",2006,1,1,1,1,1
"DD144018","W","NL","REP","F",41,"Y",2011,0,0,0,0,0
"CG67995","B","NL","DEM","F",43,"Y",1995,1,1,1,1,1
"BE139322","B","UN","DEM","F",47,"Y",1997,1,1,1,1,1
"BY273923","B","HL","DEM","F",60,"Y",1995,0,0,1,1,1
"DA65510","W","NL","REP","F",52,"Y",2008,0,1,0,0,0
"BN275850","W","UN","DEM","M",66,"Y",2000,1,1,1,1,1
"EF106010","W","NL","REP","M",66,"Y",2004,1,1,1,1,1
"BN319315","U","UN","DEM","F",53,"Y",2016,0,0,0,0,1
"DD160880","W","NL","UNA","M",25,"Y",2013,0,0,0,0,0
